{
  "year": 2026,
  "total_capital_added_b": 2820.079232732682,
  "baseline": {
    "market_gini": 0.6974567650230626,
    "net_gini": 0.5977049246077746,
    "spm_poverty_rate": 0.23724192216189888,
    "mean_net_income": 112752.08475402932,
    "fed_revenue_b": 2447.609597249047,
    "state_revenue_b": 554.3334934152161,
    "income_tax_b": 2447.609597249047,
    "employee_payroll_b": 750.0991620798453,
    "employer_payroll_b": 750.0991620798453,
    "eitc_cost_b": 50.423660620574005,
    "ctc_cost_b": 136.26390332257813,
    "snap_cost_b": 90.71960656037585,
    "decile_shares": [
      -0.004526162036648958,
      0.017586607821506117,
      0.026410989584428675,
      0.03755472309465647,
      0.05084744015827567,
      0.0638100240145485,
      0.08177236770188694,
      0.109595068780671,
      0.15343804624210855,
      0.4635108946385671
    ]
  },
  "doubled": {
    "market_gini": 0.7227936283603126,
    "net_gini": 0.6296287990351709,
    "spm_poverty_rate": 0.2329743053774956,
    "mean_net_income": 126922.12297565509,
    "fed_revenue_b": 3041.7336874705516,
    "state_revenue_b": 685.3203758040448,
    "income_tax_b": 3041.7336874705516,
    "employee_payroll_b": 750.0991620798453,
    "employer_payroll_b": 750.0991620798453,
    "eitc_cost_b": 50.31595788630721,
    "ctc_cost_b": 135.7986258953726,
    "snap_cost_b": 89.94532013272011,
    "decile_shares": [
      -0.0035639821671167617,
      0.016142488447241247,
      0.02404044920530283,
      0.0342017651334116,
      0.04633849096362899,
      0.05772111829028983,
      0.07477887187121468,
      0.1017263611344696,
      0.143344565495793,
      0.5052698716257649
    ],
    "revenue_change_b": 595.4713568106331,
    "income_tax_change_b": 594.1240902215048,
    "employee_payroll_change_b": 0.0,
    "employer_payroll_change_b": 0.0,
    "eitc_change_b": 0.10770273426679229,
    "ctc_change_b": 0.4652774272055359,
    "snap_change_b": 0.7742864276557465
  }
}