{
  "year": 2026,
  "total_capital_added_b": 2057.504872836,
  "baseline": {
    "market_gini": 0.5974653802806195,
    "net_gini": 0.5073251597768744,
    "spm_poverty_rate": 0.20530587231843972,
    "mean_net_income": 118171.72140188594,
    "fed_revenue_b": 2219.7486940059716,
    "state_revenue_b": 503.37592828794277,
    "income_tax_b": 2219.7486940059716,
    "payroll_b": 728.0646440956516,
    "eitc_cost_b": 50.702914582343354,
    "ctc_cost_b": 138.5463599935078,
    "snap_cost_b": 83.05517053733902,
    "decile_shares": [
      -0.0004942011283780534,
      0.02631185749958975,
      0.037500110739291256,
      0.05014969033889857,
      0.06157307614372612,
      0.07302001369271499,
      0.09294420001302815,
      0.12010284812630129,
      0.15708900139344817,
      0.38180340318137973
    ]
  },
  "doubled": {
    "market_gini": 0.6360734777657551,
    "net_gini": 0.5452876882445215,
    "spm_poverty_rate": 0.20973204859317235,
    "mean_net_income": 127413.28504215246,
    "fed_revenue_b": 2823.63355755629,
    "state_revenue_b": 610.4708991742496,
    "income_tax_b": 2823.63355755629,
    "payroll_b": 728.0646440956516,
    "eitc_cost_b": 50.55635647804759,
    "ctc_cost_b": 137.82364630902103,
    "snap_cost_b": 84.36810167667882,
    "decile_shares": [
      -0.004631821264160435,
      0.02364696285353058,
      0.03495857271714751,
      0.04646168325768852,
      0.05683375328615883,
      0.07010669309756742,
      0.0870350177920387,
      0.11267115083004349,
      0.15331246822145253,
      0.41960551920853273
    ],
    "revenue_change_b": 603.4412041997609,
    "income_tax_change_b": 603.8848635503184,
    "payroll_change_b": 0.0,
    "eitc_change_b": 0.1465581042957611,
    "ctc_change_b": 0.7227136844867553,
    "snap_change_b": -1.312931139339798
  }
}