{
  "year": 2026,
  "total_capital_added_b": 2751.6447130392194,
  "baseline": {
    "market_gini": 0.6419161693728225,
    "net_gini": 0.5488383038678688,
    "spm_poverty_rate": 0.20976008059046802,
    "mean_net_income": 119717.87671745017,
    "fed_revenue_b": 2438.084681352081,
    "state_revenue_b": 568.5325289253719,
    "income_tax_b": 2438.084681352081,
    "employee_payroll_b": 701.0391043188374,
    "employer_payroll_b": 701.0391043188374,
    "eitc_cost_b": 51.357823250249275,
    "ctc_cost_b": 142.8809919042107,
    "snap_cost_b": 48.61623502658347,
    "decile_shares": [
      -0.0019764077063529326,
      0.024255914668113037,
      0.03332167351203274,
      0.04621966692725563,
      0.05643687520248458,
      0.07246820236113018,
      0.08643773546990789,
      0.10959112267423982,
      0.14159825010077406,
      0.431646966790415
    ]
  },
  "doubled": {
    "market_gini": 0.6880423009152564,
    "net_gini": 0.6027585863395536,
    "spm_poverty_rate": 0.20578029236817633,
    "mean_net_income": 133810.13262428052,
    "fed_revenue_b": 3013.035325725144,
    "state_revenue_b": 697.3158564335064,
    "income_tax_b": 3013.035325725144,
    "employee_payroll_b": 701.0391043188374,
    "employer_payroll_b": 701.0391043188374,
    "eitc_cost_b": 51.08250785314713,
    "ctc_cost_b": 142.19682867720778,
    "snap_cost_b": 48.9835202740249,
    "decile_shares": [
      -0.008953030584052045,
      0.02147491776040809,
      0.030814946289073764,
      0.04168587262391406,
      0.049452898431832926,
      0.06775685241639107,
      0.07943428644326367,
      0.10043191547390007,
      0.12988851581268357,
      0.4880128253325848
    ],
    "revenue_change_b": 575.5428377497267,
    "income_tax_change_b": 574.950644373063,
    "employee_payroll_change_b": 0.0,
    "employer_payroll_change_b": 0.0,
    "eitc_change_b": 0.27531539710215,
    "ctc_change_b": 0.6841632270029296,
    "snap_change_b": -0.36728524744142915
  }
}