{
  "scenarios": [
    {
      "label": "Baseline",
      "shiftPct": 0,
      "marketGini": 0.6582252990864107,
      "netGini": 0.4863985857444568,
      "standardNetGini": 0.5190357840011858,
      "povertyRate": 0.2111338003563769,
      "fedRevenue": 2081.766262649579,
      "stateRevenue": 501.12992539480365,
      "totalRevenue": 2582.8961880443826,
      "top10Share": 0.3659405520412653,
      "bottom10Share": 0.004789472982833418,
      "meanNetIncome": 97041.69216742046,
      "standardMeanNetIncome": 92712.48300720453,
      "healthcareBenefitValue": 680.6977279346993,
      "medicaidBenefits": 592.782799795054,
      "chipBenefits": 7.814148805684488,
      "acaBenefits": 80.10047150275602
    },
    {
      "label": "10% shift",
      "shiftPct": 10,
      "marketGini": 0.6756182805490867,
      "netGini": 0.5034763520784593,
      "standardNetGini": 0.5369029296444485,
      "povertyRate": 0.23119039614705011,
      "fedRevenue": 2133.3623981137594,
      "stateRevenue": 507.27556944425965,
      "totalRevenue": 2640.637967558019,
      "top10Share": 0.38918274078812953,
      "bottom10Share": 0.004667948472800556,
      "meanNetIncome": 97444.50888272106,
      "standardMeanNetIncome": 92930.83828846664,
      "healthcareBenefitValue": 709.7012753435724,
      "medicaidBenefits": 620.2730535245996,
      "chipBenefits": 7.934168294707016,
      "acaBenefits": 81.49374467511812
    },
    {
      "label": "25% shift",
      "shiftPct": 25,
      "marketGini": 0.7086020819585014,
      "netGini": 0.5333179696029535,
      "standardNetGini": 0.5689393068244349,
      "povertyRate": 0.2625642750657545,
      "fedRevenue": 2246.7825247135006,
      "stateRevenue": 518.3229480934754,
      "totalRevenue": 2765.1054728069757,
      "top10Share": 0.42792663649994606,
      "bottom10Share": 0.003915550010008563,
      "meanNetIncome": 97809.79567412398,
      "standardMeanNetIncome": 93055.28855542651,
      "healthcareBenefitValue": 747.5689073686272,
      "medicaidBenefits": 654.1562688071991,
      "chipBenefits": 8.255054862255973,
      "acaBenefits": 85.15727531883489
    },
    {
      "label": "50% shift",
      "shiftPct": 50,
      "marketGini": 0.7771290140101985,
      "netGini": 0.5917703882809232,
      "standardNetGini": 0.6328723969670984,
      "povertyRate": 0.38045109315765263,
      "fedRevenue": 2546.5742356444775,
      "stateRevenue": 552.0789094910505,
      "totalRevenue": 3098.6531451355277,
      "top10Share": 0.5011900667718825,
      "bottom10Share": 0.002352109379870929,
      "meanNetIncome": 97961.1211112086,
      "standardMeanNetIncome": 92659.26802452303,
      "healthcareBenefitValue": 833.6301497484943,
      "medicaidBenefits": 764.7532643765251,
      "chipBenefits": 5.079936565472744,
      "acaBenefits": 63.79664141364015
    }
  ],
  "deciles": {
    "labels": [
      "D1",
      "D2",
      "D3",
      "D4",
      "D5",
      "D6",
      "D7",
      "D8",
      "D9",
      "D10"
    ],
    "baseline": [
      0.004789472982833418,
      0.029577208539081336,
      0.03882551356703359,
      0.048906717058164795,
      0.06191933139949281,
      0.07641545541299477,
      0.09542004148045297,
      0.12108460268517014,
      0.15712110483351102,
      0.3659405520412653
    ],
    "10pctShift": [
      0.004667948472800556,
      0.028534925900403466,
      0.03805576620320486,
      0.04730402408036542,
      0.059414358989551774,
      0.07373817120052385,
      0.09180674465280342,
      0.11616611778689835,
      0.15112920192531878,
      0.38918274078812953
    ],
    "25pctShift": [
      0.003915550010008563,
      0.027042465947393533,
      0.03602269747995892,
      0.04516080454571587,
      0.05549623134876115,
      0.06880264706928439,
      0.08501256090354985,
      0.10773572757798883,
      0.14288467861739276,
      0.42792663649994606
    ],
    "50pctShift": [
      0.002352109379870929,
      0.023991064230492385,
      0.03181276439021322,
      0.03930455285268246,
      0.0476230868659657,
      0.05976491407104832,
      0.07390350426792248,
      0.09136863217439556,
      0.12868930499552642,
      0.5011900667718825
    ]
  },
  "metadata": {
    "year": 2026,
    "description": "Employment and self-employment income reduced by X%, redistributed to capital income proportional to existing holdings while modeled market income stays constant. Website resource metrics count the cash-equivalent value of Medicaid, CHIP, and ACA premium support in household resources.",
    "ubiScenarioAvailable": false,
    "policyengine_version": "4.4.4",
    "version_note": "Generated with PolicyEngine 4.4.4."
  }
}