{
  "scenarios": [
    {
      "label": "Baseline",
      "shiftPct": 0,
      "marketGini": 0.7018085380998533,
      "netGini": 0.5631876822195744,
      "standardNetGini": 0.6032963386489455,
      "povertyRate": 0.23587560567100158,
      "fedRevenue": 2466.000155681396,
      "stateRevenue": 555.6734842122198,
      "totalRevenue": 3021.673639893616,
      "top10Share": 0.4469104417479228,
      "bottom10Share": -0.001453321714242246,
      "meanNetIncome": 118289.621720164,
      "standardMeanNetIncome": 112493.3810057334,
      "healthcareBenefitValue": 856.3191951335551,
      "medicaidBenefits": 718.1978818903273,
      "chipBenefits": 27.63303462893327,
      "acaBenefits": 110.18778226284704
    },
    {
      "label": "10% shift",
      "shiftPct": 10,
      "marketGini": 0.7215971994622178,
      "netGini": 0.5805959293910702,
      "standardNetGini": 0.6223101700994117,
      "povertyRate": 0.25737407396540724,
      "fedRevenue": 2463.9838035653597,
      "stateRevenue": 560.5878958003253,
      "totalRevenue": 3024.571699365685,
      "top10Share": 0.4702577922993782,
      "bottom10Share": -0.001521405711239407,
      "meanNetIncome": 119220.50717430358,
      "standardMeanNetIncome": 113128.26184754967,
      "healthcareBenefitValue": 900.0500398498293,
      "medicaidBenefits": 758.6353850391829,
      "chipBenefits": 28.466967000391335,
      "acaBenefits": 112.64719256416335
    },
    {
      "label": "25% shift",
      "shiftPct": 25,
      "marketGini": 0.7549322588113476,
      "netGini": 0.6104863830080665,
      "standardNetGini": 0.6539778256180843,
      "povertyRate": 0.30770685575710977,
      "fedRevenue": 2485.381994641834,
      "stateRevenue": 569.9620545094284,
      "totalRevenue": 3055.344049151263,
      "top10Share": 0.5079364060677136,
      "bottom10Share": -0.002280108031446867,
      "meanNetIncome": 120374.45202098154,
      "standardMeanNetIncome": 113950.83798614632,
      "healthcareBenefitValue": 949.0054560622524,
      "medicaidBenefits": 817.4780197530058,
      "chipBenefits": 22.285259636370412,
      "acaBenefits": 108.93760868677234
    },
    {
      "label": "50% shift",
      "shiftPct": 50,
      "marketGini": 0.8189295012395296,
      "netGini": 0.6675983657478517,
      "standardNetGini": 0.7153915819358156,
      "povertyRate": 0.3886212717794488,
      "fedRevenue": 2608.129723025488,
      "stateRevenue": 591.7057289510802,
      "totalRevenue": 3199.8354519765685,
      "top10Share": 0.576815464578495,
      "bottom10Share": -0.005014860582048555,
      "meanNetIncome": 122099.15651652397,
      "standardMeanNetIncome": 114834.7071497582,
      "healthcareBenefitValue": 1073.2279439923523,
      "medicaidBenefits": 940.2267654896358,
      "chipBenefits": 19.178921326434157,
      "acaBenefits": 112.66493611842024
    }
  ],
  "deciles": {
    "labels": [
      "D1",
      "D2",
      "D3",
      "D4",
      "D5",
      "D6",
      "D7",
      "D8",
      "D9",
      "D10"
    ],
    "baseline": [
      -0.001453321714242246,
      0.024469956953391422,
      0.03287038984274117,
      0.0419907075807023,
      0.05426243699753957,
      0.06640102254832152,
      0.08274196166279521,
      0.10600990115967164,
      0.1457965032211566,
      0.4469104417479228
    ],
    "10pctShift": [
      -0.001521405711239407,
      0.0236921493065619,
      0.031913778751346704,
      0.040634776151862534,
      0.0518223379140382,
      0.06361083936384047,
      0.079079024603713,
      0.1007356488495169,
      0.13977505847098162,
      0.4702577922993782
    ],
    "25pctShift": [
      -0.002280108031446867,
      0.022518554148303303,
      0.0298771421182001,
      0.03814081799978755,
      0.048109493171674456,
      0.058578746841872,
      0.07328826775303932,
      0.09186673375715293,
      0.1319639461737034,
      0.5079364060677136
    ],
    "50pctShift": [
      -0.005014860582048555,
      0.01956287019338554,
      0.025809830011276836,
      0.03342817720548762,
      0.04120861228136043,
      0.050973006788699315,
      0.061787813676935276,
      0.07826769058087046,
      0.11716139526553818,
      0.576815464578495
    ]
  },
  "metadata": {
    "year": 2026,
    "description": "Employment and self-employment income reduced by X%, redistributed to capital income proportional to existing holdings while modeled market income stays constant. Website resource metrics count the cash-equivalent value of Medicaid, CHIP, and ACA premium support in household resources.",
    "ubiScenarioAvailable": false
  }
}